,all,sub18,18-29,30-44,44+,all_m,sub18_m,18-29_m,30-44_m,44+_m,all_f,sub18_f,18-29_f,30-44_f,44+_f,top_1000,US,non_US
The Shawshank Redemption,"2,616,796","1,298","368,505","1,008,855","266,620","1,466,571",960,"289,437","835,533","215,814","292,786",203,"66,237","157,436","44,810",894,"346,973","931,925"
The Godfather,"1,811,815",891,"234,297","718,024","207,413","1,065,306",653,"192,955","617,524","172,909","164,919",147,"33,319","89,473","29,906",885,"262,221","670,341"
The Dark Knight,"2,588,887","1,515","388,037","1,044,949","196,835","1,482,487","1,138","311,592","873,951","165,681","265,675",204,"63,044","155,202","26,951",928,"367,221","903,588"
The Godfather: Part II,"1,245,205",545,"154,666","501,966","154,057","754,846",386,"131,126","437,211","129,712","104,800",107,"18,930","57,235","21,168",848,"176,162","474,936"
12 Angry Men,"773,133",455,"115,278","295,948","86,249","449,860",347,"93,993","251,879","72,024","76,272",73,"18,105","40,293","12,612",785,"112,693","293,566"
Schindler's List,"1,329,455",527,"164,854","537,103","170,338","753,497",363,"125,876","435,102","137,411","169,915",130,"34,117","93,841","29,328",844,"185,687","517,374"
The Lord of the Rings: The Return of the King,"1,795,678",724,"253,716","739,007","182,698","1,031,926",519,"198,633","601,970","149,656","219,028",131,"47,699","125,775","29,264",898,"247,377","687,507"
Pulp Fiction,"2,004,392",828,"268,364","793,984","226,319","1,147,826",565,"208,260","662,288","187,666","220,626",173,"50,520","119,381","33,865",904,"289,726","745,827"
The Lord of the Rings: The Fellowship of the Ring,"1,816,936",742,"253,534","732,398","198,554","1,027,554",530,"195,671","590,401","161,665","230,255",128,"50,378","130,517","32,597",911,"255,633","692,855"
"The Good, the Bad and the Ugly","749,157",320,"90,027","314,160","111,449","492,620",238,"79,123","284,381","98,073","49,183",59,"8,912","26,023","11,332",811,"113,096","315,399"
Forrest Gump,"2,023,249","1,099","297,393","760,189","198,437","1,065,990",746,"216,689","597,681","157,465","279,008",232,"69,515","149,289","36,397",921,"269,989","710,626"
Fight Club,"2,062,478",938,"298,951","836,724","184,455","1,155,314",662,"228,800","680,485","151,986","250,283",163,"59,858","142,977","28,430",881,"278,822","764,718"
Inception,"2,296,199","1,151","372,972","903,019","178,411","1,265,576",825,"280,815","724,494","146,565","294,485",206,"79,166","162,837","27,617",894,"262,744","838,758"
The Lord of the Rings: The Two Towers,"1,621,588",645,"229,165","662,735","170,182","926,693",474,"178,785","536,576","138,777","202,477",105,"43,846","116,035","27,934",898,"225,905","624,321"
Star Wars: Episode V - The Empire Strikes Back,"1,266,639",760,"157,347","488,591","171,420","752,086",562,"130,070","419,478","145,871","115,283",127,"22,722","62,086","22,358",898,"221,850","451,875"
The Matrix,"1,876,122",919,"230,257","760,941","214,046","1,081,203",682,"183,626","634,559","177,636","200,311",158,"39,320","114,183","31,802",907,"263,573","704,090"
Goodfellas,"1,132,925",463,"138,967","461,257","145,481","696,493",355,"118,301","405,631","123,150","90,832",70,"16,184","49,061","19,424",861,"188,461","426,489"
One Flew Over the Cuckoo's Nest,"991,462",320,"126,843","415,545","137,097","586,133",241,"97,404","340,293","112,060","125,834",57,"26,016","69,677","22,344",846,"157,369","405,725"
Seven,"1,607,817",661,"217,492","648,701","169,738","908,094",474,"169,081","529,188","138,903","191,631",111,"40,742","109,268","27,168",898,"212,179","617,311"
Seven Samurai,"341,699",134,"33,282","148,225","58,300","224,662",99,"29,226","133,491","50,946","24,003",28,"3,409","13,157","6,369",668,"65,896","142,907"
It's a Wonderful Life,"448,814",186,"50,394","163,345","86,943","244,920",128,"37,180","125,838","67,344","70,056",49,"12,038","35,481","18,032",795,"110,857","147,472"
The Silence of the Lambs,"1,399,891",547,"185,642","542,591","177,746","771,961",379,"137,200","433,318","142,691","188,924",117,"42,427","100,701","31,198",906,"209,458","520,896"
City of God,"746,551",169,"91,185","371,930","74,318","491,202",130,"76,089","321,864","64,317","70,627",25,"12,766","45,295","8,663",707,"93,076","349,496"
Saving Private Ryan,"1,361,993",524,"171,199","546,979","166,414","820,915",384,"143,659","472,701","140,565","119,442",88,"22,189","66,002","22,439",872,"208,360","506,741"
Life Is Beautiful,"682,620",258,"92,371","283,787","78,775","368,316",177,"64,206","214,966","63,016","111,012",57,"24,964","63,892","13,966",721,"73,057","291,213"
The Green Mile,"1,271,930",538,"166,482","514,512","142,707","710,114",387,"126,981","411,600","113,721","167,145",98,"33,706","94,147","25,871",860,"158,042","494,103"
Interstellar,"1,759,339","1,151","302,158","570,339","128,797","920,071",834,"235,714","469,600","107,870","180,723",184,"54,607","88,846","17,529",847,"147,900","561,294"
Star Wars,"1,339,391",776,"162,737","515,662","189,960","789,571",583,"132,634","438,532","160,701","129,664",123,"25,407","69,697","25,725",921,"241,224","478,206"
Terminator 2: Judgment Day,"1,078,279",422,"110,559","478,942","143,114","691,654",330,"97,149","424,074","122,679","82,317",62,"11,009","48,246","17,731",891,"168,004","436,514"
Back to the Future,"1,175,259",763,"147,468","459,674","148,841","667,517",557,"114,289","378,719","122,841","134,949",144,"28,442","73,561","22,959",901,"184,618","431,807"
Spirited Away,"742,681",530,"129,701","283,039","57,530","375,521",337,"86,844","213,890","46,323","123,120",142,"38,495","64,673","9,960",682,"90,136","287,456"
Psycho,"659,565",326,"89,150","255,874","97,756","370,518",231,"65,762","203,368","79,318","92,682",70,"20,912","49,168","16,734",866,"118,424","256,346"
The Pianist,"813,969",363,"120,746","339,691","79,474","450,902",258,"87,986","267,667","63,585","118,597",70,"28,760","66,936","14,287",736,"88,577","344,426"
Leon,"1,138,126",441,"150,153","478,267","130,092","668,966",300,"113,333","398,107","109,990","131,880",102,"31,682","72,907","17,437",845,"135,314","480,151"
Parasite,"762,095",759,"123,514","211,381","54,470","342,166",531,"89,810","169,292","43,750","79,181",140,"25,366","35,524","8,776",633,"60,901","237,514"
The Lion King,"1,036,421",733,"171,126","419,489","82,419","539,104",488,"118,321","314,660","63,925","176,432",175,"47,414","98,416","16,807",832,"152,548","381,968"
Gladiator,"1,469,014",479,"182,400","618,246","167,233","873,437",345,"149,578","517,280","138,524","154,772",91,"27,203","91,188","25,218",894,"202,872","571,236"
American History X,"1,105,054",266,"139,633","518,392","110,264","680,265",182,"111,944","430,169","91,949","129,167",62,"23,925","80,729","16,168",817,"161,417","464,573"
The Usual Suspects,"1,068,867",315,"127,524","452,425","147,739","660,924",231,"106,965","389,306","122,962","102,899",57,"17,423","57,255","21,913",838,"172,972","435,742"
The Departed,"1,299,687",396,"174,685","579,555","126,645","797,842",307,"145,173","490,216","105,215","134,358",62,"24,510","81,593","19,048",861,"201,440","517,954"
The Prestige,"1,306,622",502,"206,403","561,422","104,190","765,704",393,"162,121","459,722","85,964","159,781",69,"38,415","93,889","16,213",851,"164,962","527,325"
Casablanca,"564,023",184,"58,341","227,888","104,610","321,586",134,"42,645","178,145","84,794","83,988",39,"14,399","47,049","18,044",807,"119,960","220,170"
Whiplash,"825,742",481,"158,973","280,164","59,084","438,940",353,"121,149","225,753","48,594","100,491",80,"32,554","49,080","9,001",716,"75,633","299,704"
Untouchable,"840,284",299,"150,962","326,657","65,131","450,198",215,"106,832","249,897","51,907","132,322",57,"38,589","70,035","11,482",634,"41,082","360,334"
Harakiri,"55,225",71,"7,618","21,820","8,236","35,198",48,"6,755","19,743","6,770","4,083",20,708,"1,854","1,343",409,"8,823","24,339"
Modern Times,"239,354",155,"35,835","93,449","34,012","144,952",120,"28,956","78,646","28,612","26,055",29,"6,091","13,616","4,770",645,"31,849","104,721"
Grave of the Fireflies,"270,787",204,"45,569","106,738","21,739","145,575",142,"33,311","84,676","17,560","38,189",46,"10,983","20,598","3,775",546,"32,996","110,326"
Once Upon a Time in the West,"325,618",116,"33,647","138,246","59,475","220,182",93,"29,794","126,031","53,143","20,277",20,"3,225","10,776","5,368",750,"48,955","151,502"
Top Gun: Maverick,"250,147",343,"27,375","63,137","25,511","108,424",253,"21,679","52,486","20,483","19,108",47,"3,772","8,674","4,154",202,"29,481","62,825"
Rear Window,"484,556",188,"56,899","194,148","82,756","282,049",136,"43,671","157,194","66,417","65,090",44,"11,945","34,614","14,935",793,"95,626","194,701"
Alien,"862,977",343,"91,807","349,001","140,036","532,915",259,"76,149","301,518","119,900","78,985",66,"13,380","42,815","17,657",894,"142,401","346,917"
City Lights,"182,899",119,"26,462","72,448","28,108","112,407",92,"21,743","61,331","23,210","19,932",21,"4,244","10,325","4,423",628,"29,796","78,462"
Cinema Paradiso,"257,084",111,"30,859","103,033","43,423","148,315",88,"23,008","81,679","35,183","36,738",16,"7,059","19,963","7,470",600,"33,222","116,519"
Memento,"1,217,157",431,"165,857","534,117","131,047","731,625",328,"131,602","444,027","108,975","141,391",72,"29,875","82,977","19,500",843,"181,879","503,548"
Apocalypse Now,"657,018",194,"65,949","274,108","113,248","425,916",152,"57,525","245,505","99,034","46,541",33,"6,845","25,147","12,186",826,"116,940","273,317"
Raiders of the Lost Ark,"951,202",402,"100,833","381,588","160,407","581,853",308,"84,187","326,816","133,912","93,033",65,"14,122","49,710","23,541",909,"188,270","356,934"
Django Unchained,"1,514,085",635,"246,178","572,796","127,342","859,014",481,"195,786","468,782","105,896","171,910",97,"42,330","93,967","18,675",836,"158,950","546,000"
WALL·E,"1,095,418",743,"170,985","464,422","97,930","620,623",543,"126,037","369,186","80,753","156,788",142,"40,243","89,379","15,418",827,"153,851","437,074"
The Lives of Others,"385,709",94,"44,619","186,528","52,590","243,055",67,"35,026","152,378","43,457","51,466",21,"8,713","31,931","8,229",607,"41,272","199,566"
Sunset Blvd.,"219,378",100,"24,482","89,191","41,231","130,169",71,"19,160","72,442","32,945","29,617",25,"4,879","15,795","7,622",675,"49,544","88,385"
Paths of Glory,"195,051",133,"24,425","78,721","33,254","128,618",102,"21,665","71,513","29,537","12,326",26,"2,312","6,363","3,196",668,"35,207","85,495"
The Shining,"996,740",540,"140,603","393,925","118,630","557,338",372,"103,963","317,200","97,442","131,237",110,"31,918","70,898","18,946",887,"154,621","384,745"
The Great Dictator,"221,737",115,"30,158","91,577","33,937","139,756",87,"24,903","78,384","28,775","22,648",24,"4,731","12,177","4,582",669,"28,520","103,232"
Witness for the Prosecution,"123,464",55,"14,174","46,567","24,050","73,953",39,"11,664","39,263","19,453","14,033",15,"2,260","6,851","4,227",619,"21,867","52,826"
Avengers: Infinity War,"1,038,924","1,325","181,103","275,941","68,356","503,964",975,"141,971","229,301","56,492","89,012",203,"27,972","38,470","9,748",748,"101,492","293,081"
Aliens,"705,604",238,"63,856","299,772","125,102","454,203",177,"54,779","264,085","107,984","58,373",49,"7,824","32,031","15,095",859,"125,835","290,815"
American Beauty,"1,139,080",280,"137,592","510,883","146,236","654,498",187,"97,765","399,488","118,397","176,740",65,"36,169","104,557","25,213",847,"189,701","474,688"
Dr. Strangelove or: How I Learned to Stop Worrying and Love the Bomb,"484,450",184,"51,688","205,407","82,408","309,668",144,"43,770","179,700","71,884","41,285",30,"6,865","23,444","9,141",773,"103,890","196,510"
Spider-Man: Into the Spider-Verse,"504,562",937,"89,216","134,369","31,549","242,398",699,"70,329","114,611","26,797","37,317",140,"12,786","15,917","3,727",636,"53,239","143,381"
The Dark Knight Rises,"1,670,427",787,"286,072","663,323","123,982","994,395",621,"233,983","559,418","105,358","169,129",81,"44,433","93,324","15,990",869,"193,845","589,148"
Oldboy,"567,755",177,"79,207","266,518","50,909","360,915",142,"65,233","229,780","44,145","54,800",22,"12,023","33,499","5,913",669,"68,176","261,497"
Joker,"1,220,141","1,317","193,972","332,588","84,492","555,651",914,"143,870","268,704","68,986","112,575",210,"34,237","51,714","12,309",734,"98,462","348,620"
Amadeus,"396,471",104,"44,111","158,132","75,441","230,174",78,"32,849","124,519","60,535","58,759",18,"10,285","31,647","13,625",715,"74,914","162,755"
Braveheart,"1,024,247",219,"103,462","464,000","137,629","633,830",156,"85,919","391,113","114,272","110,444",43,"15,353","66,843","21,006",840,"163,415","415,046"
Toy Story,"975,507",779,"156,956","381,335","93,785","533,027",559,"116,193","301,196","75,507","138,337",167,"36,241","74,884","16,630",842,"156,112","357,588"
Coco,"487,850",726,"85,290","145,977","31,960","221,616",479,"58,325","111,487","25,409","69,009",185,"22,872","31,216","5,715",607,"48,930","155,545"
Das Boot,"248,668",59,"18,431","98,944","59,279","167,159",46,"16,202","90,062","52,969","15,885",12,"1,926","7,898","5,412",655,"38,828","116,925"
Inglourious Basterds,"1,411,740",587,"211,078","584,188","128,559","822,755",430,"166,039","481,452","108,842","160,355",97,"37,742","93,640","17,113",864,"175,031","557,624"
Princess Mononoke,"386,852",207,"58,039","163,895","34,068","211,935",134,"41,159","129,151","27,963","57,169",53,"15,275","32,438","5,459",608,"55,755","157,224"
Avengers: Endgame,"1,081,031","1,864","173,232","270,499","73,448","480,758","1,270","130,450","221,129","59,587","87,227",358,"25,930","38,429","10,800",723,"99,219","276,312"
Once Upon a Time in America,"346,606",119,"34,677","147,070","60,959","227,725",91,"30,151","131,804","53,207","25,245",21,"3,752","13,479","6,733",721,"42,591","164,351"
Good Will Hunting,"947,654",323,"133,249","387,051","107,521","535,461",226,"101,109","310,313","86,060","128,057",67,"28,114","71,272","19,483",844,"151,847","360,795"
Your Name.,"257,266",431,"52,967","62,024","10,467","112,999",312,"39,447","49,957","8,687","27,354",84,"11,358","10,796","1,495",431,"16,739","80,367"
Toy Story 3,"822,812",677,"148,002","338,590","68,345","470,253",494,"110,696","269,543","55,652","118,449",132,"33,509","64,523","11,463",781,"125,773","318,292"
Requiem for a Dream,"828,462",250,"117,390","394,909","70,969","484,997",161,"84,060","314,714","58,483","123,866",61,"30,145","75,084","11,177",754,"121,535","361,737"
Singin' in the Rain,"239,441",125,"28,633","90,214","45,897","123,095",82,"18,661","63,420","34,837","48,177",33,"9,334","25,765","10,353",711,"54,322","89,759"
3 Idiots,"391,096",258,"82,355","136,460","14,773","218,314",208,"68,428","116,491","12,158","36,929",39,"12,436","18,407","2,349",412,"22,376","137,921"
Star Wars: Return of the Jedi,"1,034,678",628,"131,594","401,316","136,368","614,314",474,"108,521","343,399","116,385","96,099",99,"19,434","52,347","17,660",893,"178,790","375,396"
High and Low,"43,827",56,"5,424","17,437","8,231","28,559",35,"4,806","15,710","6,728","3,583",19,507,"1,546","1,389",413,"9,677","18,277"
2001: A Space Odyssey,"657,715",305,"78,239","255,938","106,883","406,669",233,"65,385","223,896","93,123","54,565",51,"10,840","28,701","11,919",833,"113,663","263,299"
Eternal Sunshine of the Spotless Mind,"989,948",341,"139,815","455,357","95,539","553,371",237,"97,015","347,355","76,396","169,011",73,"38,790","102,000","17,482",818,"151,690","419,223"
Reservoir Dogs,"999,650",364,"130,402","421,206","117,026","615,366",275,"108,700","364,687","100,648","88,638",60,"17,848","50,929","14,263",841,"155,474","402,647"
Capernaum,"86,713",70,"14,282","29,378","8,344","44,327",41,"10,365","23,233","6,653","11,369",23,"3,210","5,443","1,487",317,"5,129","35,988"
Citizen Kane,"437,380",185,"47,059","176,556","77,596","264,997",146,"38,386","148,992","65,067","46,664",31,"7,656","25,544","11,277",776,"97,957","168,503"
Lawrence of Arabia,"290,375",100,"25,973","113,150","64,181","184,713",67,"22,511","98,931","54,291","26,069",26,"3,014","12,979","8,885",724,"59,589","118,877"
The Hunt,"323,373",157,"55,218","135,000","30,140","189,189",107,"42,884","108,304","24,554","43,518",30,"10,868","24,628","4,978",565,"23,567","152,101"
M,"156,432",76,"17,442","66,130","28,119","97,859",52,"14,266","56,188","23,466","17,052",21,"2,888","9,242","4,237",612,"32,874","67,219"
North by Northwest,"324,094",117,"30,901","128,289","68,115","198,999",92,"25,277","108,316","56,541","35,720",22,"5,019","18,561","10,526",750,"73,225","129,850"
Vertigo,"397,384",168,"49,524","155,203","67,429","232,536",124,"38,205","126,864","55,265","50,556",39,"10,180","26,478","11,083",781,"75,181","161,599"
Come and See,"76,829",83,"10,520","28,047","11,595","46,777",59,"9,139","25,055","9,914","5,629",21,"1,120","2,687","1,511",449,"10,210","33,623"
Amélie,"748,161",178,"95,578","342,506","91,952","398,629",100,"58,307","245,296","73,491","153,393",60,"34,782","92,426","16,668",726,"91,142","350,836"
A Clockwork Orange,"816,714",292,"105,541","350,484","104,076","485,509",204,"79,751","288,005","88,725","99,989",60,"22,757","57,686","13,504",831,"131,037","339,179"
Full Metal Jacket,"730,983",240,"86,084","311,643","101,061","471,770",191,"74,754","278,006","88,861","52,145",36,"9,110","29,513","10,484",829,"124,594","295,624"
Double Indemnity,"155,648",63,"16,385","61,936","32,053","94,896",47,"13,113","51,893","26,096","18,658",14,"3,001","9,421","5,469",639,"38,996","60,379"
The Apartment,"179,692",71,"18,317","72,388","36,168","105,693",52,"14,096","57,838","29,033","25,423",18,"3,896","13,779","6,570",663,"36,057","76,302"
Scarface,"820,820",308,"104,087","361,385","90,017","522,869",228,"88,421","321,273","77,785","62,698",50,"12,437","35,471","10,657",810,"118,611","338,118"
Ikiru,"77,501",50,"8,983","31,609","13,106","48,522",33,"7,773","27,921","10,773","6,872",15,"1,052","3,387","2,165",473,"16,043","31,800"
The Sting,"259,301",66,"21,378","99,433","62,222","165,263",48,"18,033","86,802","52,638","24,258",14,"2,967","11,517","8,599",711,"56,376","106,019"
To Kill a Mockingbird,"313,767",87,"38,348","125,479","56,806","178,372",64,"28,105","98,017","43,552","50,916",20,"9,577","26,217","12,411",722,"84,389","109,191"
Taxi Driver,"809,714",427,"112,550","328,021","96,312","490,896",343,"92,574","284,177","82,592","72,563",56,"16,586","39,586","11,955",822,"119,243","329,529"
Up,"1,024,962",735,"175,993","417,031","84,903","551,121",517,"122,936","317,778","68,003","170,776",160,"48,122","93,399","15,341",817,"138,713","397,942"
Heat,"641,545",181,"62,738","287,498","96,747","428,429",142,"56,256","262,097","84,723","39,365",27,"4,956","21,933","10,328",812,"99,044","280,825"
L.A. Confidential,"576,254",126,"57,507","255,390","98,857","374,911",88,"50,077","223,578","82,614","52,297",28,"6,327","28,983","14,599",792,"104,491","253,050"
Metropolis,"172,664",67,"18,889","71,662","32,373","105,199",46,"14,581","58,895","27,152","21,540",19,"3,927","11,909","4,758",653,"33,752","74,522"
A Separation,"243,026",71,"32,291","114,317","22,129","144,410",54,"25,668","92,368","17,721","32,982",13,"6,116","20,804","4,044",498,"20,924","111,119"
Incendies,"174,424",72,"26,741","73,838","20,054","104,113",51,"21,194","59,910","16,387","22,480",15,"4,796","12,832","3,290",483,"13,542","84,194"
Die Hard,"863,739",275,"91,687","376,852","125,761","548,607",211,"78,387","329,019","106,203","76,675",41,"11,316","43,154","17,293",893,"147,831","350,008"
Snatch,"843,174",200,"101,653","405,279","91,293","548,296",152,"86,019","350,477","78,383","78,735",31,"13,310","49,721","11,256",787,"111,728","383,101"
Hamilton,"90,310",174,"12,710","25,165","9,741","37,402",92,"8,478","18,449","6,762","14,234",55,"3,600","6,184","2,746",290,"16,752","21,951"
Bicycle Thieves,"161,928",85,"22,243","67,544","24,017","99,542",58,"17,912","56,740","20,063","18,524",25,"3,906","10,129","3,583",593,"27,179","71,649"
Indiana Jones and the Last Crusade,"744,076",275,"78,840","310,552","116,657","459,871",209,"65,986","266,199","98,203","72,254",50,"11,027","40,304","16,483",878,"139,369","288,396"
1917,"563,202",598,"87,211","164,998","52,321","285,997",442,"68,876","140,320","44,450","44,114",103,"12,767","20,083","6,200",631,"50,547","185,561"
Like Stars on Earth,"190,485",145,"37,594","68,939","8,545","107,498",114,"31,435","59,180","6,760","18,124",26,"5,513","9,118","1,636",341,"12,779","69,801"
Downfall,"352,510",92,"40,446","171,711","49,004","241,213",69,"34,619","151,318","43,245","30,189",15,"5,163","18,622","5,058",636,"36,325","186,830"
For a Few Dollars More,"253,663",111,"28,187","102,861","45,065","170,969",88,"25,530","95,248","40,557","13,151",18,"2,101","6,592","3,826",728,"39,532","112,560"
Batman Begins,"1,441,712",735,"212,665","607,663","126,759","868,985",598,"174,980","517,988","108,232","139,223",72,"31,722","81,395","16,277",905,"216,383","546,096"
Dangal,"185,839",171,"34,981","51,696","7,022","95,179",139,"30,126","44,688","5,752","13,472",22,"4,069","6,269","1,126",310,"13,661","55,059"
The Kid,"125,405",90,"18,981","49,033","18,466","76,218",68,"15,450","41,344","15,282","14,020",19,"3,171","7,203","2,884",602,"18,041","55,769"
Some Like It Hot,"264,183",86,"27,765","104,637","53,728","141,571",58,"18,092","75,295","41,692","50,961",24,"9,105","28,101","11,171",724,"52,162","111,866"
Spider-Man: No Way Home,"690,478","1,676","93,806","137,914","34,821","251,865","1,233","72,698","115,645","29,267","41,425",240,"13,748","17,745","4,297",494,"52,260","147,060"
The Father,"142,036",167,"21,413","44,517","15,111","71,996",130,"16,767","36,393","12,134","14,602",27,"3,560","7,017","2,528",379,"10,193","54,612"
All About Eve,"130,417",51,"12,217","49,582","30,531","70,329",33,"8,669","36,626","22,388","24,584",18,"3,351","12,452","7,705",638,"32,604","50,537"
Green Book,"472,929",330,"74,251","152,002","46,552","235,473",231,"53,970","119,952","36,398","57,413",57,"15,084","27,303","8,559",605,"37,159","173,597"
The Wolf of Wall Street,"1,362,758",700,"245,148","472,938","96,176","726,287",518,"188,031","381,757","79,044","160,623",113,"47,805","81,765","14,742",793,"123,277","471,735"
Judgment at Nuremberg,"76,983",21,"6,973","29,271","18,894","48,919",13,"5,901","25,375","15,637","7,959",8,959,"3,620","3,013",568,"15,534","33,242"
Ran,"124,332",53,"11,315","50,491","25,392","81,262",34,"10,103","45,715","21,944","8,653",16,"1,006","4,251","3,080",544,"23,997","54,162"
Unforgiven,"407,133",104,"36,308","168,490","84,515","276,353",82,"32,994","155,050","74,079","24,529",18,"2,656","11,587","9,117",781,"80,604","171,221"
Casino,"511,234",162,"50,872","226,304","75,645","334,710",120,"45,087","203,811","65,303","35,277",31,"4,388","19,647","9,081",793,"87,470","212,163"
Pan's Labyrinth,"660,826",165,"84,481","322,555","74,567","395,293",111,"60,421","252,644","61,171","106,664",38,"22,130","66,094","12,190",757,"105,519","301,558"
There Will Be Blood,"576,292",227,"67,935","271,183","69,227","378,590",176,"59,196","238,844","59,328","47,429",33,"7,024","29,235","8,756",745,"110,413","240,772"
The Sixth Sense,"977,177",282,"108,639","436,388","136,059","566,583",207,"80,984","342,884","108,698","147,037",60,"25,144","87,776","24,991",872,"165,264","403,064"
The Truman Show,"1,051,834",568,"150,313","430,091","107,327","586,680",418,"111,614","344,569","88,090","140,057",98,"33,754","79,070","17,127",839,"141,954","416,495"
A Beautiful Mind,"918,795",243,"131,636","393,459","94,585","523,561",173,"98,225","311,800","75,439","133,047",45,"29,952","75,861","17,262",816,"115,324","376,680"
Monty Python and the Holy Grail,"535,452",207,"62,272","227,664","83,463","327,568",166,"49,990","189,321","70,921","61,245",33,"11,051","35,893","11,253",788,"116,636","207,735"
Yojimbo,"121,836",56,"12,314","52,214","21,019","79,707",43,"10,811","47,338","18,238","8,453",11,"1,303","4,367","2,492",539,"25,893","50,598"
The Treasure of the Sierra Madre,"124,033",39,"10,073","47,360","30,613","80,294",31,"8,691","42,135","26,420","10,178",7,"1,242","4,817","3,773",637,"32,825","47,309"
Shutter Island,"1,275,371",584,"214,481","515,786","97,134","709,924",425,"160,278","412,831","79,579","170,694",104,"46,623","94,957","15,547",842,"135,702","508,791"
Jurassic Park,"969,340",579,"121,495","396,362","107,900","556,269",422,"95,894","328,921","89,524","108,724",106,"22,229","61,570","16,393",899,"157,380","355,297"
Rashomon,"166,760",80,"19,818","71,431","26,172","105,896",61,"16,702","62,439","22,136","15,310",15,"2,738","8,281","3,656",580,"33,855","70,329"
The Great Escape,"242,431",73,"20,691","96,354","54,558","160,775",60,"18,391","86,987","47,426","17,501",11,"1,954","8,400","6,312",732,"47,793","102,867"
Kill Bill: Vol. 1,"1,094,721",418,"141,795","476,281","120,681","647,657",292,"109,604","392,255","102,038","130,229",82,"27,785","77,223","16,406",862,"158,062","452,947"
No Country for Old Men,"951,876",365,"119,414","420,617","112,316","601,665",290,"101,577","364,848","95,680","84,531",46,"14,276","50,380","14,604",824,"156,248","390,499"
Finding Nemo,"1,027,108",617,"174,320","411,273","93,879","545,367",424,"121,890","308,918","74,210","176,303",148,"47,679","96,884","18,022",821,"149,689","397,453"
The Elephant Man,"238,663",66,"25,015","100,219","47,133","148,404",45,"19,722","83,346","38,697","29,685",17,"4,761","15,779","7,741",681,"39,679","111,213"
Chinatown,"322,698",115,"35,775","135,882","57,831","209,170",85,"30,466","119,349","49,590","28,266",26,"4,565","15,004","7,341",739,"67,007","135,308"
Raging Bull,"349,309",141,"38,129","152,254","54,321","232,272",111,"34,023","138,988","47,659","21,698",24,"3,279","11,680","5,810",730,"67,840","146,352"
Gone with the Wind,"312,459",95,"28,508","125,952","65,415","151,395",56,"16,681","80,030","47,368","77,065",33,"11,240","44,436","17,064",737,"69,658","119,422"
The Thing,"415,044",198,"44,718","174,360","70,377","270,098",149,"38,383","155,041","61,624","32,010",39,"5,299","17,239","7,632",798,"76,044","173,415"
V for Vendetta,"1,106,709",340,"163,497","515,926","102,497","679,880",258,"125,500","424,020","87,046","142,757",56,"34,249","85,721","13,710",849,"161,550","473,236"
Inside Out,"697,404",715,"129,331","237,328","47,718","340,064",471,"88,544","179,249","38,076","111,409",191,"36,576","53,703","8,574",710,"70,519","244,444"
"Lock, Stock and Two Smoking Barrels","575,218",102,"60,894","285,324","72,232","387,443",79,"52,928","251,214","62,491","48,621",15,"6,755","30,792","8,575",751,"74,168","278,548"
Dial M for Murder,"173,948",87,"20,789","69,757","32,082","104,821",64,"16,467","57,435","25,970","22,277",20,"3,972","11,578","5,619",698,"31,886","75,438"
The Secret in Their Eyes,"207,852",38,"23,734","102,963","27,713","130,799",27,"18,437","82,719","22,845","29,874",10,"4,764","18,888","4,391",523,"16,669","111,243"
Everything Everywhere All at Once,"160,752",201,"25,037","45,206","12,135","75,333",159,"19,679","37,714","10,116","13,767",24,"4,111","6,432","1,661",249,"19,977","46,488"
Howl's Moving Castle,"385,313",242,"65,465","154,116","29,802","188,429",147,"40,646","111,350","23,413","74,747",70,"22,691","40,450","5,785",595,"47,912","154,943"
The Bridge on the River Kwai,"218,839",62,"15,414","82,894","56,851","144,630",43,"13,782","74,962","49,408","15,853",17,"1,373","7,099","6,624",700,"44,997","91,886"
"Three Billboards Outside Ebbing, Missouri","495,715",180,"78,268","173,356","54,567","265,890",135,"58,890","138,028","43,419","65,043",32,"16,596","31,826","9,865",675,"50,625","194,013"
Trainspotting,"678,934",148,"84,668","308,858","85,989","408,419",107,"63,252","249,946","71,928","91,715",27,"19,211","54,731","12,562",793,"88,925","313,534"
Warrior,"467,134",90,"76,603","222,892","37,020","320,183",73,"67,170","198,229","31,986","37,021",8,"7,951","21,913","4,398",625,"54,756","206,183"
Gran Torino,"767,081",135,"95,262","365,564","95,367","506,855",103,"80,819","314,092","80,546","77,106",18,"12,377","46,867","13,165",797,"119,868","339,934"
Fargo,"669,337",181,"73,543","277,703","110,216","413,084",138,"61,018","237,352","91,453","68,440",32,"10,740","36,804","16,920",842,"130,576","268,004"
Prisoners,"690,812",371,"120,148","268,898","55,612","399,238",273,"95,304","222,262","45,842","79,596",56,"21,098","42,354","8,613",732,"66,434","276,053"
My Neighbour Totoro,"331,934",262,"57,724","129,281","26,177","164,577",163,"37,381","94,639","20,729","60,835",75,"18,498","32,571","4,856",567,"38,954","134,473"
Million Dollar Baby,"680,198",170,"81,557","317,798","85,693","416,985",125,"62,853","258,428","70,491","91,774",28,"16,846","55,235","13,683",794,"95,890","305,501"
The Gold Rush,"110,480",80,"13,840","44,288","19,933","70,184",57,"11,792","38,427","16,795","10,611",20,"1,822","5,433","2,864",597,"18,757","49,708"
Catch Me If You Can,"953,723",526,"144,330","372,007","85,714","517,528",391,"108,862","297,752","69,315","122,725",83,"30,142","68,285","14,595",842,"119,357","366,750"
Blade Runner,"756,606",272,"79,001","296,491","133,431","470,444",217,"66,446","258,823","115,379","63,590",41,"10,428","33,665","15,691",858,"124,500","312,223"
On the Waterfront,"153,913",63,"15,530","61,624","31,622","97,364",41,"13,207","53,647","26,408","14,861",20,"2,053","7,407","4,761",657,"38,852","59,093"
Children of Heaven,"74,166",51,"10,624","29,320","7,208","40,268",32,"8,244","23,789","5,524","9,637",19,"2,175","5,274","1,573",362,"8,222","31,135"
The Third Man,"170,446",64,"15,949","66,920","37,790","107,760",43,"13,477","57,900","32,179","16,225",18,"2,219","8,346","5,036",668,"36,550","72,951"
Ben-Hur,"237,424",75,"18,865","95,137","53,616","150,940",55,"16,000","82,020","45,202","23,479",17,"2,546","12,126","7,605",723,"43,282","102,198"
Wild Strawberries,"106,510",63,"13,588","44,968","16,551","64,951",40,"10,767","37,564","13,819","12,532",21,"2,508","6,950","2,489",524,"17,106","49,126"
Before Sunrise,"302,658",135,"47,876","132,793","30,711","159,716",88,"31,337","95,448","24,035","60,949",39,"15,278","35,678","6,165",617,"34,871","139,720"
12 Years a Slave,"691,548",190,"124,432","273,242","62,149","392,988",135,"92,733","216,029","49,514","102,586",40,"28,608","52,916","11,401",721,"68,252","279,974"
The General,"90,679",61,"10,348","35,257","18,449","57,135",45,"8,802","30,527","15,513","8,774",15,"1,382","4,373","2,691",580,"19,752","37,882"
Gone Girl,"962,443",348,"173,251","361,599","78,558","514,364",236,"123,479","280,328","62,361","149,170",79,"44,578","75,010","14,529",787,"95,187","362,749"
Harry Potter and the Deathly Hallows: Part 2,"856,750",597,"185,992","319,285","60,672","452,373",420,"130,596","239,612","47,013","149,798",126,"50,587","75,136","12,539",789,"103,787","326,316"
The Deer Hunter,"336,095",78,"28,600","140,991","70,655","223,839",57,"25,148","126,860","60,909","25,358",18,"2,894","12,596","8,648",746,"61,849","149,207"
In the Name of the Father,"173,359",40,"17,655","72,618","33,156","110,130",27,"14,979","61,756","27,462","18,387",9,"2,334","9,953","5,147",617,"21,000","83,916"
The Grand Budapest Hotel,"791,407",340,"140,180","301,208","70,806","426,677",248,"100,426","232,710","56,623","122,890",63,"35,756","63,395","12,649",744,"77,876","314,447"
Mr. Smith Goes to Washington,"115,022",42,"9,799","44,753","26,723","69,674",29,"8,019","37,324","21,669","13,891",13,"1,622","6,975","4,674",605,"37,133","36,382"
The Wages of Fear,"60,698",24,"4,889","24,148","14,756","40,384",17,"4,320","21,823","12,769","4,530",6,501,"2,102","1,783",507,"11,243","28,602"
Barry Lyndon,"165,619",88,"17,707","67,686","31,128","106,799",66,"15,248","59,680","27,050","13,401",18,"2,073","7,162","3,566",625,"26,653","76,670"
Sherlock Jr.,"49,292",66,"7,568","19,587","7,560","31,013",50,"6,338","17,006","6,264","4,868",15,"1,091","2,395","1,187",493,"9,847","21,288"
Memories of Murder,"177,484",118,"28,937","70,720","14,849","106,725",87,"24,466","62,255","12,666","14,086",23,"3,606","7,508","1,885",505,"16,557","78,818"
Hacksaw Ridge,"510,575",313,"91,920","163,095","43,827","281,766",233,"74,495","138,991","37,094","47,080",46,"14,398","21,375","5,797",679,"48,250","182,293"
Klaus,"144,906",210,"25,250","47,048","9,505","68,812",149,"17,847","36,409","7,520","19,515",48,"6,033","9,431","1,735",387,"12,390","51,648"
The Seventh Seal,"183,331",96,"24,379","77,127","28,064","114,444",71,"19,911","65,859","23,285","19,561",19,"3,917","10,364","4,377",602,"31,636","81,355"
Room,"414,031",180,"77,310","148,202","33,143","206,787",109,"52,022","110,310","25,576","72,865",53,"22,837","35,241","6,899",655,"41,916","159,846"
Wild Tales,"195,756",51,"30,222","83,078","20,507","115,590",37,"23,172","66,570","17,110","26,679",11,"6,350","15,129","2,936",457,"10,671","93,951"
Mad Max: Fury Road,"980,516",372,"161,594","356,811","84,578","563,117",302,"131,696","301,504","72,908","93,430",39,"25,259","49,061","9,788",819,"100,928","352,561"
The Big Lebowski,"797,108",233,"96,620","353,807","103,590","503,632",181,"80,280","304,550","88,653","76,226",36,"13,887","44,681","13,129",829,"141,401","328,448"
How to Train Your Dragon,"727,865",517,"133,644","298,925","56,860","396,834",373,"94,116","227,620","44,919","125,072",110,"36,352","67,504","10,939",756,"88,862","290,580"
Mary and Max,"176,116",82,"26,549","87,960","15,878","101,281",51,"18,569","65,382","12,543","34,085",24,"7,520","21,561","3,082",502,"17,972","89,691"
"Monsters, Inc.","893,186",645,"156,158","342,061","83,166","472,923",452,"110,057","260,129","66,363","145,741",145,"41,638","77,177","15,267",818,"130,406","335,237"
Jaws,"592,008",299,"66,914","239,373","102,020","362,421",225,"53,441","201,627","85,831","65,551",49,"12,023","34,922","14,561",861,"120,687","229,511"
The Passion of Joan of Arc,"54,207",38,"6,500","20,562","9,555","32,102",25,"5,421","17,610","7,745","5,586",11,955,"2,728","1,675",455,"11,617","21,367"
Tokyo Story,"61,061",48,"7,856","23,338","9,905","36,548",30,"6,527","20,149","8,127","6,028",18,"1,166","2,932","1,627",453,"10,203","26,360"
Dead Poets Society,"479,176",235,"67,734","182,095","65,932","250,701",143,"45,846","136,481","52,387","80,342",67,"19,765","42,967","12,300",758,"73,594","191,246"
Hotel Rwanda,"353,240",58,"38,177","178,587","46,720","226,985",41,"29,944","148,167","38,185","46,516",15,"7,565","28,603","7,860",667,"62,114","163,444"
Rocky,"565,972",257,"67,761","238,481","79,805","367,435",201,"59,710","214,370","68,719","40,041",35,"6,488","21,130","9,726",830,"93,937","225,523"
Platoon,"409,938",87,"35,467","176,927","80,811","277,815",66,"31,914","161,253","70,272","27,403",16,"2,881","13,792","9,336",791,"78,469","176,562"
Le Mans '66,"376,438",321,"57,609","117,539","37,320","202,307",258,"47,760","100,869","31,282","28,417",31,"6,680","13,612","4,914",590,"38,902","126,584"
Pather Panchali,"32,282",32,"4,736","12,005","5,082","20,366",24,"4,255","10,842","4,104","2,482",8,405,"1,052",923,324,"5,644","12,681"
Stand by Me,"397,471",140,"42,869","166,402","70,022","231,436",96,"31,850","131,098","55,959","59,944",32,"10,108","33,355","12,990",782,"86,863","155,148"
The Terminator,"850,488",336,"92,426","372,350","122,192","547,848",277,"80,220","327,411","104,513","70,456",43,"10,313","40,154","15,609",887,"135,953","353,969"
Spotlight,"463,423",109,"79,101","174,503","44,206","255,984",72,"59,804","138,298","35,195","64,489",29,"17,031","33,096","8,010",705,"50,401","183,753"
Rush,"473,325",109,"79,985","201,441","44,905","306,847",83,"68,257","174,528","38,599","43,288",13,"10,020","24,047","5,418",665,"40,054","208,072"
Network,"158,293",53,"15,395","68,954","32,224","105,965",38,"13,407","61,371","27,016","13,744",12,"1,714","6,835","4,684",651,"38,817","65,328"
Logan,"741,526",458,"126,840","241,341","56,111","410,302",379,"105,112","205,990","48,130","63,027",43,"17,735","30,938","6,754",763,"77,434","247,462"
Into the Wild,"616,641",112,"93,782","295,062","56,789","372,157",74,"68,216","235,609","46,454","94,493",24,"23,417","55,815","9,284",700,"75,601","287,613"
The Wizard of Oz,"394,209",165,"46,735","160,383","69,636","212,361",110,"31,330","115,978","53,827","76,454",44,"14,478","42,570","14,811",800,"111,375","128,182"
Ratatouille,"716,580",568,"119,129","304,614","64,582","391,682",401,"82,179","232,296","51,954","121,363",117,"33,049","68,346","11,525",782,"105,111","298,284"
Groundhog Day,"621,146",184,"67,589","274,152","99,691","382,427",146,"53,059","225,402","82,892","78,450",27,"13,231","45,501","15,174",845,"116,532","261,581"
Before Sunset,"260,330",107,"38,287","121,144","28,361","142,076",70,"25,502","87,466","22,024","52,811",30,"11,843","32,196","5,881",580,"31,893","125,453"
The Exorcist,"397,650",182,"43,479","179,556","65,019","245,922",122,"33,448","146,582","54,109","52,503",47,"8,970","30,845","9,916",790,"78,471","170,291"
The Best Years of Our Lives,"64,002",17,"4,508","22,674","18,659","38,257",11,"3,735","18,702","14,502","8,704",6,708,"3,767","3,920",535,"20,016","22,133"
The Incredibles,"721,229",539,"118,858","295,182","75,082","408,995",398,"86,313","234,442","61,916","104,951",99,"28,852","56,987","11,908",817,"124,416","286,226"
To Be or Not to Be,"36,693",32,"3,507","13,571","9,982","23,362",18,"2,852","11,408","8,230","4,355",14,596,"1,989","1,615",482,"8,176","16,545"
The Battle of Algiers,"59,716",23,"6,235","26,099","12,215","40,640",13,"5,335","23,330","10,425","5,120",10,796,"2,518","1,611",483,"13,451","26,570"
Rebecca,"136,087",59,"12,808","53,402","30,204","74,553",36,"9,181","39,993","22,395","24,692",21,"3,410","12,821","7,348",643,"28,309","57,965"
The Grapes of Wrath,"92,575",23,"7,647","35,161","24,306","57,991",17,"6,384","29,702","19,771","11,001",6,"1,168","5,118","4,243",584,"26,869","33,814"
Hachi: A Dog's Tale,"280,876",149,"55,086","109,041","23,208","148,623",90,"37,246","82,239","17,627","51,508",45,"16,560","25,319","5,181",569,"18,709","123,091"
Cool Hand Luke,"175,742",47,"13,141","70,343","43,163","115,274",30,"11,429","62,043","36,923","15,388",14,"1,506","7,611","5,633",664,"51,187","62,638"
Amores perros,"238,701",45,"21,419","124,338","33,926","151,541",29,"16,659","100,238","28,145","33,563",12,"4,267","22,575","5,214",546,"29,712","125,321"
Pirates of the Caribbean: The Curse of the Black Pearl,"1,107,339",530,"176,870","476,062","106,036","630,072",384,"131,190","371,646","84,887","170,473",86,"41,497","98,628","19,347",879,"167,664","451,696"
La Haine,"170,514",93,"23,547","76,478","19,372","107,270",69,"19,124","65,853","16,677","16,589",18,"3,749","9,607","2,373",506,"14,709","87,451"
The 400 Blows,"116,672",58,"15,765","48,455","18,282","71,033",36,"12,334","40,371","15,274","13,987",16,"3,083","7,518","2,738",543,"21,378","51,549"
My Father and My Son,"86,166",33,"13,541","36,111","6,141","48,235",22,"10,335","29,292","4,953","11,265",9,"2,945","6,329","1,101",265,"4,975","39,869"
Persona,"117,100",88,"18,866","47,260","14,685","67,580",57,"14,253","38,057","11,882","16,245",28,"4,152","8,645","2,607",515,"17,405","52,627"
It Happened One Night,"103,141",40,"10,734","39,600","22,314","56,940",28,"7,746","29,906","17,019","17,929",11,"2,809","9,284","4,989",609,"27,294","37,750"
Life of Brian,"395,697",138,"45,105","165,454","67,883","248,587",105,"37,010","139,635","58,415","41,498",24,"7,171","23,863","8,367",747,"53,442","186,793"
The Sound of Music,"230,277",108,"26,510","86,824","44,187","101,388",66,"13,317","51,151","31,418","62,981",31,"12,357","34,451","11,961",691,"53,762","81,775"
Dersu Uzala,"29,064",17,"2,190","12,162","7,393","20,073",7,"1,954","11,016","6,409","2,182",10,201,"1,025",893,349,"4,444","15,422"
The Handmaiden,"141,927",87,"25,046","50,912","12,602","74,119",48,"17,729","40,160","10,334","20,364",31,"6,488","9,891","2,000",470,"12,746","59,573"
Gandhi,"229,805",35,"24,953","96,914","45,977","149,382",25,"20,839","83,169","38,151","24,989",10,"3,783","12,761","7,131",677,"41,067","101,275"
Aladdin,"410,245",284,"61,737","181,999","35,170","211,469",189,"39,717","130,943","27,512","80,987",72,"20,138","48,433","7,061",763,"77,303","155,238"
Jai Bhim,"193,435",283,"15,488","15,052","1,480","36,629",262,"14,433","14,107","1,328","1,622",19,597,626,117,100,"3,115","12,515"
The Help,"453,740",112,"72,290","201,118","54,127","209,280",59,"36,210","123,418","36,325","136,403",45,"34,348","74,648","16,774",673,"70,880","186,407"
Beauty and the Beast,"448,973",272,"70,251","197,945","41,136","215,435",173,"40,839","130,849","30,729","109,477",85,"27,670","64,451","9,737",754,"85,313","170,255"
